id,name,model_id:id,group_id:id,perm_read,perm_write,perm_create,perm_unlink
access_task_manager_task_user,task.manager.task.user,model_task_manager_task,base.group_user,1,1,1,1
access_task_manager_team_member_user,task.manager.team.member.user,model_task_manager_team_member,base.group_user,1,1,1,1
```

---

## ğŸ“ **4. VÃ©rifier la structure**

Votre structure devrait ressembler Ã  Ã§a :
```
C:\Users\hp\OdooProject\custom_addons\ai_task_manager\
â”œâ”€â”€ __init__.py                 
â”œâ”€â”€ __manifest__.py             
â”œâ”€â”€ models/
â”‚   â””â”€â”€ __init__.py            
â”œâ”€â”€ views/
â”œâ”€â”€ security/
â”‚   â””â”€â”€ ir.model.access.csv    
â”œâ”€â”€ data/
â””â”€â”€ static/
    â””â”€â”€ description/